amfi_code,tracking_error
119598,0.2838814541332667
120505,0.2319675096004632
149324,0.27917030841826745
100033,0.22869942052083106
120843,0.20642496841144062
